scenario,var_group,var_name,category,mean_effect,hdi_2.5,hdi_97.5,prob_positive,prob_negative
PS0_baseline,factor,brand,NoEquip,0.02518077764969649,-0.0010179798092625348,0.0553742856574511,0.97040625,0.02959375
PS0_baseline,factor,brand,Basket,0.011425209559907131,-0.000687766827235052,0.02835859258286241,0.96753125,0.03246875
PS0_baseline,factor,brand,Cart,-0.010858439123345207,-0.025464999724544864,0.0003830351831214588,0.0296875,0.9703125
PS0_baseline,factor,brand,Trolley,-0.02574754808625842,-0.055516173866323036,0.0011150086492327446,0.02959375,0.97040625
PS0_baseline,factor,hedonic,NoEquip,-0.018487097918106973,-0.04267498230545508,0.004473737527817932,0.0565,0.9435
PS0_baseline,factor,hedonic,Basket,-0.011507132968638579,-0.03069870262712002,0.00227771350992425,0.05665625,0.94334375
PS0_baseline,factor,hedonic,Cart,0.007175477497331646,-0.0018628749662580532,0.018347170964363065,0.9410625,0.0589375
PS0_baseline,factor,hedonic,Trolley,0.02281875338941391,-0.005104282127475368,0.05566222641509918,0.9435,0.0565
PS0_baseline,factor,confused,NoEquip,-0.02485116133698056,-0.046340942020044414,-0.004408275101908433,0.00775,0.99225
PS0_baseline,factor,confused,Basket,-0.015807201808220806,-0.034696820018556646,-0.001934326067057457,0.0080625,0.9919375
PS0_baseline,factor,confused,Cart,0.0095099640579358,0.001246538285631678,0.020259133830451005,0.98903125,0.01096875
PS0_baseline,factor,confused,Trolley,0.03114839908726557,0.00491991127952316,0.06149324651064174,0.99225,0.00775
PS0_baseline,factor,perf,NoEquip,-0.005804568161264723,-0.026918950893717878,0.018854304067147998,0.30296875,0.69703125
PS0_baseline,factor,perf,Basket,-0.0035503704029938446,-0.018304271807965206,0.009623684721494611,0.3026875,0.6973125
PS0_baseline,factor,perf,Cart,0.0022038220270218507,-0.008274767431525184,0.011561173684355915,0.69625,0.30375
PS0_baseline,factor,perf,Trolley,0.007151116537236718,-0.019970197429803084,0.03361086205809769,0.69703125,0.30296875
PS0_baseline,factor,careless,NoEquip,0.044983426024603264,0.018221447929924004,0.07426679770085322,0.99975,0.00025
PS0_baseline,factor,careless,Basket,0.017884340747018612,0.0037333983585123133,0.03550769121774445,0.993375,0.006625
PS0_baseline,factor,careless,Cart,-0.01962714443003097,-0.03480115455970823,-0.00663957284467202,0.00025,0.99975
PS0_baseline,factor,careless,Trolley,-0.0432406223415909,-0.06864571206785232,-0.01925347630898424,0.00025,0.99975
PS0_baseline,factor,habit,NoEquip,-0.01693553667474304,-0.035370404160688276,0.0008890636686123131,0.03134375,0.96865625
PS0_baseline,factor,habit,Basket,-0.010185098441308542,-0.024697297304127373,0.0004996644215998993,0.031625,0.968375
PS0_baseline,factor,habit,Cart,0.006647252507969387,-0.0004195013213089418,0.015456604676038177,0.96675,0.03325
PS0_baseline,factor,habit,Trolley,0.020473382608082197,-0.001073457728243074,0.044752670583472515,0.96865625,0.03134375
PS0_baseline,factor,novelty,NoEquip,0.0013275545040536746,-0.019187587958237294,0.02242323168741295,0.569625,0.430375
PS0_baseline,factor,novelty,Basket,0.0002792537992254809,-0.012221359813447363,0.011423485109741782,0.56909375,0.43090625
PS0_baseline,factor,novelty,Cart,-0.0006244652896162006,-0.009993391291764603,0.008098058565668287,0.42996875,0.57003125
PS0_baseline,factor,novelty,Trolley,-0.000982343013662955,-0.023219956077931293,0.02313998784095331,0.430375,0.569625
PS0_baseline,factor,value,NoEquip,-0.01610003114727016,-0.04039131359035088,0.00931501655916818,0.09715625,0.90284375
PS0_baseline,factor,value,Basket,-0.00998040473394495,-0.02898932523365462,0.0047672951513762765,0.0973125,0.9026875
PS0_baseline,factor,value,Cart,0.006211619580806523,-0.0038975000262024525,0.017322653758768188,0.900625,0.099375
PS0_baseline,factor,value,Trolley,0.019868816300408584,-0.010416835377328673,0.05246195237593655,0.90284375,0.09715625
PS0_baseline,gender,female,NoEquip,-0.016973507143919212,-0.05551858690061857,0.02116748633606485,0.184625,0.815375
PS0_baseline,gender,female,Basket,-0.009789770627879264,-0.03456629725182292,0.013180375525598031,0.18484375,0.81515625
PS0_baseline,gender,female,Cart,0.0067394789869706425,-0.00872406581381398,0.023984755748294666,0.81471875,0.18528125
PS0_baseline,gender,female,Trolley,0.020023798784827837,-0.025807802064485286,0.06553541557158389,0.815375,0.184625
PS0_baseline,handledag,Friday,NoEquip,0.06658478002144583,-0.005086315930419708,0.13817085578571722,0.96596875,0.03403125
PS0_baseline,handledag,Friday,Basket,0.02244060562279789,-0.002714646870037912,0.057313835473083316,0.95890625,0.04109375
PS0_baseline,handledag,Friday,Cart,-0.0292942779507973,-0.0625763977255743,0.002167104836735728,0.03403125,0.96596875
PS0_baseline,handledag,Friday,Trolley,-0.0597311076934464,-0.12387955733812259,0.005058291564133186,0.03403125,0.96596875
PS0_baseline,handledag,Monday,NoEquip,0.05405476200276,-0.012510965235906413,0.11786810037751037,0.9416875,0.0583125
PS0_baseline,handledag,Monday,Basket,0.019850194781975267,-0.0052856758405788575,0.05243990563668262,0.93859375,0.06140625
PS0_baseline,handledag,Monday,Cart,-0.023549825602225946,-0.051820937099430205,0.005472005802078097,0.0583125,0.9416875
PS0_baseline,handledag,Monday,Trolley,-0.050355131182509325,-0.10890675073416461,0.01229769725156875,0.0583125,0.9416875
PS0_baseline,handledag,Thursday,NoEquip,0.09470861546642095,0.022688165344087075,0.16602319077828404,0.9954375,0.0045625
PS0_baseline,handledag,Thursday,Basket,0.0266598222290541,0.0006682561637831958,0.06356343658585807,0.97853125,0.02146875
PS0_baseline,handledag,Thursday,Cart,-0.04184719070416644,-0.07523544753823704,-0.009815168285353674,0.0045625,0.9954375
PS0_baseline,handledag,Thursday,Trolley,-0.0795212469913086,-0.14057255451033712,-0.019659279892707757,0.0045625,0.9954375
PS0_baseline,handledag,Tuesday,NoEquip,0.048421434407370595,-0.016913332307518708,0.11357049338543768,0.92503125,0.07496875
PS0_baseline,handledag,Tuesday,Basket,0.018418448442326152,-0.006693932382494701,0.05043460762317791,0.92340625,0.07659375
PS0_baseline,handledag,Tuesday,Cart,-0.02096770465531676,-0.04869062390081702,0.007477734791895826,0.07496875,0.92503125
PS0_baseline,handledag,Tuesday,Trolley,-0.04587217819438,-0.10347508217735756,0.01619981868354118,0.07496875,0.92503125
PS0_baseline,handledag,Wednesday,NoEquip,0.1142054894616798,0.03986755265137659,0.19119244374533817,0.9990625,0.0009375
PS0_baseline,handledag,Wednesday,Basket,0.027386485257341518,-0.0015363304490567664,0.06633124879537555,0.967375,0.032625
PS0_baseline,handledag,Wednesday,Cart,-0.05034154032599009,-0.08186790349969475,-0.017337723156694625,0.0009375,0.9990625
PS0_baseline,handledag,Wednesday,Trolley,-0.09125043439303122,-0.1484052246899583,-0.03292561380377276,0.0009375,0.9990625
PS0_baseline,age,21-25 yr,NoEquip,0.0009640374777570573,-0.06884404397814345,0.06367221535289229,0.53703125,0.46296875
PS0_baseline,age,21-25 yr,Basket,0.0014306420511545946,-0.035386267352034984,0.03874313800865686,0.53709375,0.46290625
PS0_baseline,age,21-25 yr,Cart,-0.0008112373025805845,-0.027275916885264186,0.024118400350821072,0.463,0.537
PS0_baseline,age,21-25 yr,Trolley,-0.0015834422263310678,-0.07568024793518204,0.07948106916615363,0.46296875,0.53703125
PS0_baseline,age,26-30 yr,NoEquip,-0.028887469409212906,-0.09077001658555803,0.03599103108856375,0.20175,0.79825
PS0_baseline,age,26-30 yr,Basket,-0.01789367953937607,-0.05753017198259282,0.022976686150414843,0.20171875,0.79828125
PS0_baseline,age,26-30 yr,Cart,0.010585160066952431,-0.014425454851795496,0.03586838897729913,0.797875,0.202125
PS0_baseline,age,26-30 yr,Trolley,0.03619598888163655,-0.04438306367436273,0.11781558571394153,0.79825,0.20175
PS0_baseline,age,31-35 yr,NoEquip,-0.07354475361820885,-0.13097512041202833,-0.015321874260004984,0.00703125,0.99296875
PS0_baseline,age,31-35 yr,Basket,-0.058489789062594555,-0.10642921279529771,-0.012543245232005881,0.00703125,0.99296875
PS0_baseline,age,31-35 yr,Cart,0.02187278639983115,0.0005935331280777431,0.05057579098199898,0.97896875,0.02103125
PS0_baseline,age,31-35 yr,Trolley,0.11016175628097225,0.023796234433767535,0.19289221460410746,0.99296875,0.00703125
PS0_baseline,age,36-40 yr,NoEquip,-0.08211956232028794,-0.14722578478949933,-0.009133557715134523,0.0139375,0.9860625
PS0_baseline,age,36-40 yr,Basket,-0.07009541116428127,-0.13598994179027946,-0.006624348281750617,0.0139375,0.9860625
PS0_baseline,age,36-40 yr,Cart,0.02043117965344296,-0.004961191303472987,0.05133600655673677,0.94765625,0.05234375
PS0_baseline,age,36-40 yr,Trolley,0.13178379383112623,0.012428588755311765,0.24781437225729872,0.9860625,0.0139375
PS0_baseline,age,41-45 yr,NoEquip,-0.1169628144213447,-0.17640475467475888,-0.057695495142191015,0.000375,0.999625
PS0_baseline,age,41-45 yr,Basket,-0.11745139763431849,-0.1751411925150885,-0.05796442188691199,0.000375,0.999625
PS0_baseline,age,41-45 yr,Cart,0.014404723485281053,-0.024397663343170253,0.053479152744509234,0.79271875,0.20728125
PS0_baseline,age,41-45 yr,Trolley,0.2200094885703821,0.10757235159732785,0.3245703623630588,0.999625,0.000375
PS0_baseline,age,46-50 yr,NoEquip,-0.09239913472379192,-0.15589009564652584,-0.03269165115238061,0.002125,0.997875
PS0_baseline,age,46-50 yr,Basket,-0.08262089409993732,-0.14472166070943912,-0.028291703274595393,0.002125,0.997875
PS0_baseline,age,46-50 yr,Cart,0.021345602065335114,-0.0073584249918541185,0.05371549022076451,0.9345,0.0655
PS0_baseline,age,46-50 yr,Trolley,0.15367442675839413,0.05345307021359323,0.26475843186972803,0.997875,0.002125
PS0_baseline,age,51-55 yr,NoEquip,-0.09698463225700422,-0.1600870803482406,-0.03428691442301486,0.00184375,0.99815625
PS0_baseline,age,51-55 yr,Basket,-0.08873043046278561,-0.15310842000528888,-0.02825364586839355,0.00184375,0.99815625
PS0_baseline,age,51-55 yr,Cart,0.020152440266566613,-0.01165595091688865,0.05333839382028903,0.91571875,0.08428125
PS0_baseline,age,51-55 yr,Trolley,0.16556262245322323,0.05428331755109955,0.2803372466558708,0.99815625,0.00184375
PS0_baseline,age,56-60 yr,NoEquip,-0.09151706369817621,-0.16066273613116872,-0.013793384613511093,0.01209375,0.98790625
PS0_baseline,age,56-60 yr,Basket,-0.08272372922156665,-0.1581552387028684,-0.010508667366821545,0.01209375,0.98790625
PS0_baseline,age,56-60 yr,Cart,0.01921327346017915,-0.013034401162553451,0.0521905056145846,0.90890625,0.09109375
PS0_baseline,age,56-60 yr,Trolley,0.15502751945956372,0.0199913415356182,0.2919163034000288,0.98790625,0.01209375
PS0_baseline,age,61-65 yr,NoEquip,-0.12235393165564377,-0.1915914911338805,-0.04207793223146376,0.00403125,0.99596875
PS0_baseline,age,61-65 yr,Basket,-0.12983801239616438,-0.21648013280371625,-0.03425060942421101,0.00403125,0.99596875
PS0_baseline,age,61-65 yr,Cart,0.005275752987546504,-0.05577490780128167,0.05021718397532097,0.6193125,0.3806875
PS0_baseline,age,61-65 yr,Trolley,0.24691619106426163,0.06441190313428102,0.41987516499890265,0.99596875,0.00403125
PS0_baseline,age,71-75 yr,NoEquip,-0.01371673570707595,-0.14659067262357853,0.21352035485134782,0.3636875,0.6363125
PS0_baseline,age,71-75 yr,Basket,-0.03010776277038589,-0.15770424241778155,0.04908440369154523,0.34359375,0.65640625
PS0_baseline,age,71-75 yr,Cart,-0.0031490457576422988,-0.09264398362860311,0.04191099987503012,0.5936875,0.4063125
PS0_baseline,age,71-75 yr,Trolley,0.04697354423510414,-0.144484120836787,0.2947720979337162,0.6363125,0.3636875
PS1_tighter_structural,factor,brand,NoEquip,0.023169091529242958,-0.002141439525916334,0.051041840783879744,0.9616875,0.0383125
PS1_tighter_structural,factor,brand,Basket,0.013488620119734427,-0.0013412846761362604,0.030437330173572523,0.961625,0.038375
PS1_tighter_structural,factor,brand,Cart,-0.009258810689836664,-0.022426197119904314,0.0007829372513946947,0.0386875,0.9613125
PS1_tighter_structural,factor,brand,Trolley,-0.027398900959140726,-0.058215394569592474,0.002746447518378576,0.0383125,0.9616875
PS1_tighter_structural,factor,hedonic,NoEquip,-0.014913694955010612,-0.0366301583583824,0.007830592865755407,0.09328125,0.90671875
PS1_tighter_structural,factor,hedonic,Basket,-0.011412495994149525,-0.030546495569869922,0.004805142042567738,0.09328125,0.90671875
PS1_tighter_structural,factor,hedonic,Cart,0.00493905708120886,-0.002934927738920673,0.013997387646235798,0.900375,0.099625
PS1_tighter_structural,factor,hedonic,Trolley,0.02138713386795128,-0.009727620267126147,0.05490220486329529,0.90671875,0.09328125
PS1_tighter_structural,factor,confused,NoEquip,-0.024036197799930683,-0.043496355404667106,-0.00537130244468395,0.00684375,0.99315625
PS1_tighter_structural,factor,confused,Basket,-0.018731091604292337,-0.03707354875124574,-0.0034393149424863274,0.00684375,0.99315625
PS1_tighter_structural,factor,confused,Cart,0.00779294327024402,0.0005672049749091787,0.017144341585470128,0.98403125,0.01596875
PS1_tighter_structural,factor,confused,Trolley,0.03497434613397901,0.007020746341292072,0.06617664691634106,0.99315625,0.00684375
PS1_tighter_structural,factor,perf,NoEquip,-0.005391874874313553,-0.026447063917733795,0.016884368325835078,0.30403125,0.69596875
PS1_tighter_structural,factor,perf,Basket,-0.004202396141589283,-0.020602405609538903,0.010414388788064341,0.30396875,0.69603125
PS1_tighter_structural,factor,perf,Cart,0.001785479777326194,-0.006801227027830742,0.010149850405122765,0.69325,0.30675
PS1_tighter_structural,factor,perf,Trolley,0.007808791238576642,-0.020657361940954955,0.037650325191074356,0.69596875,0.30403125
PS1_tighter_structural,factor,careless,NoEquip,0.04096497650608727,0.016177015024136494,0.0691625248800445,0.99965625,0.00034375
PS1_tighter_structural,factor,careless,Basket,0.02168933240596345,0.007890036929232607,0.038035163581609154,0.99940625,0.00059375
PS1_tighter_structural,factor,careless,Cart,-0.01688969294948315,-0.03154491207245288,-0.00503441662927465,0.0005625,0.9994375
PS1_tighter_structural,factor,careless,Trolley,-0.045764615962567576,-0.07290873382510514,-0.019963539122834124,0.00034375,0.99965625
PS1_tighter_structural,factor,habit,NoEquip,-0.014893727788710866,-0.031989585906599755,0.0019769718829823054,0.0411875,0.9588125
PS1_tighter_structural,factor,habit,Basket,-0.011042275178350713,-0.025207029130922615,0.0013021866795932362,0.04115625,0.95884375
PS1_tighter_structural,factor,habit,Cart,0.0050938227532446095,-0.0008019760382908109,0.012742583222619784,0.95378125,0.04621875
PS1_tighter_structural,factor,habit,Trolley,0.020842180213816973,-0.002566441675237685,0.045812858824955435,0.9588125,0.0411875
PS1_tighter_structural,factor,novelty,NoEquip,0.001077353948987843,-0.017484894292215235,0.021233548817470853,0.53196875,0.46803125
PS1_tighter_structural,factor,novelty,Basket,0.0003338547081646436,-0.013135821642950067,0.012939122241721489,0.53190625,0.46809375
PS1_tighter_structural,factor,novelty,Cart,-0.0005421795754308003,-0.00881959493965546,0.006563351333911893,0.46696875,0.53303125
PS1_tighter_structural,factor,novelty,Trolley,-0.0008690290817216864,-0.025325651121177906,0.024458084841966325,0.46803125,0.53196875
PS1_tighter_structural,factor,value,NoEquip,-0.013420559353599527,-0.03650158073528628,0.01053933913510556,0.12771875,0.87228125
PS1_tighter_structural,factor,value,Basket,-0.010267406003208588,-0.030080093057804666,0.006621099223024133,0.12771875,0.87228125
PS1_tighter_structural,factor,value,Cart,0.004453903368480762,-0.004108446471225512,0.013829067981350389,0.867125,0.132875
PS1_tighter_structural,factor,value,Trolley,0.019234061988327354,-0.013151678978837992,0.05429376791454545,0.87228125,0.12771875
PS1_tighter_structural,gender,female,NoEquip,-0.0158578184425872,-0.05266096782543888,0.01912701061780182,0.19028125,0.80971875
PS1_tighter_structural,gender,female,Basket,-0.01142419576507794,-0.03813580049381861,0.014182655200532447,0.19028125,0.80971875
PS1_tighter_structural,gender,female,Cart,0.005594655569329929,-0.006687820868498906,0.020875773969540653,0.8089375,0.1910625
PS1_tighter_structural,gender,female,Trolley,0.021687358638335204,-0.026843271007813647,0.07090247586855697,0.80971875,0.19028125
PS1_tighter_structural,handledag,Friday,NoEquip,0.04198229857674715,-0.016879330360989195,0.10496192558909363,0.91803125,0.08196875
PS1_tighter_structural,handledag,Friday,Basket,0.021619433415964347,-0.010058522129016754,0.05515765510610024,0.917875,0.082125
PS1_tighter_structural,handledag,Friday,Cart,-0.01738349791056838,-0.04582048435544023,0.006523220328957308,0.08196875,0.91803125
PS1_tighter_structural,handledag,Friday,Trolley,-0.04621823408214313,-0.11198873575162671,0.020304681111186808,0.08196875,0.91803125
PS1_tighter_structural,handledag,Monday,NoEquip,0.03147264446455436,-0.021374164604629153,0.08720834099410117,0.87734375,0.12265625
PS1_tighter_structural,handledag,Monday,Basket,0.017504054148068413,-0.012690189984286816,0.04977635280517919,0.8773125,0.1226875
PS1_tighter_structural,handledag,Monday,Cart,-0.012759716831209566,-0.03721044315712162,0.00837840159944751,0.12271875,0.87728125
PS1_tighter_structural,handledag,Monday,Trolley,-0.03621698178141321,-0.09800637036076142,0.02574915996872737,0.12265625,0.87734375
PS1_tighter_structural,handledag,Thursday,NoEquip,0.06706447838070087,0.0068150071522768705,0.1315201384331657,0.9854375,0.0145625
PS1_tighter_structural,handledag,Thursday,Basket,0.030579472338398504,0.003010511278752874,0.06358056566720659,0.9850625,0.0149375
PS1_tighter_structural,handledag,Thursday,Cart,-0.02843683042205933,-0.058326777467543785,-0.0026963958063119246,0.0145625,0.9854375
PS1_tighter_structural,handledag,Thursday,Trolley,-0.06920712029704004,-0.13192102041955606,-0.007594481845298556,0.0145625,0.9854375
PS1_tighter_structural,handledag,Tuesday,NoEquip,0.02838949940211296,-0.02300949871907321,0.08089952263961578,0.86196875,0.13803125
PS1_tighter_structural,handledag,Tuesday,Basket,0.016226323750873458,-0.01350017758231224,0.04794304010814398,0.86190625,0.13809375
PS1_tighter_structural,handledag,Tuesday,Cart,-0.011405472056311924,-0.03455774504929206,0.009004615132739625,0.13809375,0.86190625
PS1_tighter_structural,handledag,Tuesday,Trolley,-0.033210351096674494,-0.09354660737455443,0.02742208144380586,0.13803125,0.86196875
PS1_tighter_structural,handledag,Wednesday,NoEquip,0.08078604191314614,0.022672196686428742,0.14325611903491275,0.99740625,0.00259375
PS1_tighter_structural,handledag,Wednesday,Basket,0.03432448200068852,0.007890320923663421,0.06731998063979065,0.9968125,0.0031875
PS1_tighter_structural,handledag,Wednesday,Cart,-0.034595448871433905,-0.06368807275490518,-0.009215716308750609,0.00259375,0.99740625
PS1_tighter_structural,handledag,Wednesday,Trolley,-0.08051507504240078,-0.14053939908981294,-0.023363453950954027,0.00259375,0.99740625
PS1_tighter_structural,age,21-25 yr,NoEquip,0.03735368817448382,-0.013292182801872228,0.08843897300547116,0.9293125,0.0706875
PS1_tighter_structural,age,21-25 yr,Basket,0.021003089737994515,-0.006629251784583884,0.05319309000033314,0.9293125,0.0706875
PS1_tighter_structural,age,21-25 yr,Cart,-0.015190845952407536,-0.0375455873759997,0.005504107124780411,0.0706875,0.9293125
PS1_tighter_structural,age,21-25 yr,Trolley,-0.0431659319600708,-0.10355845088670383,0.014589850874230073,0.0706875,0.9293125
PS1_tighter_structural,age,26-30 yr,NoEquip,0.007917038401057376,-0.04471807029726591,0.06236114623781174,0.60878125,0.39121875
PS1_tighter_structural,age,26-30 yr,Basket,0.00464684710643102,-0.030490375770370413,0.03888482053001317,0.60878125,0.39121875
PS1_tighter_structural,age,26-30 yr,Cart,-0.0031683472961757417,-0.02547313654279182,0.017153184104318868,0.391125,0.608875
PS1_tighter_structural,age,26-30 yr,Trolley,-0.009395538211312657,-0.07592930036565208,0.05847879767727354,0.39121875,0.60878125
PS1_tighter_structural,age,31-35 yr,NoEquip,-0.03946211982107849,-0.08928858422409607,0.00974661067327154,0.05621875,0.94378125
PS1_tighter_structural,age,31-35 yr,Basket,-0.03305748348545817,-0.07673511860581286,0.007408322574293248,0.05621875,0.94378125
PS1_tighter_structural,age,31-35 yr,Cart,0.011514966250243848,-0.0033732563492578646,0.03187138808896531,0.9321875,0.0678125
PS1_tighter_structural,age,31-35 yr,Trolley,0.061004637056292825,-0.014271690437291849,0.13888558491060574,0.94378125,0.05621875
PS1_tighter_structural,age,36-40 yr,NoEquip,-0.04389633683718725,-0.10312646903000755,0.02025377206617908,0.08290625,0.91709375
PS1_tighter_structural,age,36-40 yr,Basket,-0.039269805369324326,-0.09893974047831015,0.014078730849686638,0.08290625,0.91709375
PS1_tighter_structural,age,36-40 yr,Cart,0.010991092356682813,-0.00910776515157239,0.033508844116525625,0.884875,0.115125
PS1_tighter_structural,age,36-40 yr,Trolley,0.07217504984982875,-0.027078588383108167,0.18018736841143326,0.91709375,0.08290625
PS1_tighter_structural,age,41-45 yr,NoEquip,-0.08079709356554579,-0.13203881123528846,-0.032240911218301194,0.00078125,0.99921875
PS1_tighter_structural,age,41-45 yr,Basket,-0.08301765782139389,-0.13737791617055803,-0.03067518315286249,0.00078125,0.99921875
PS1_tighter_structural,age,41-45 yr,Cart,0.011525773235623912,-0.015853612970234833,0.03803399578016392,0.8278125,0.1721875
PS1_tighter_structural,age,41-45 yr,Trolley,0.15228897815131578,0.05639447410972187,0.25280108068144497,0.99921875,0.00078125
PS1_tighter_structural,age,46-50 yr,NoEquip,-0.05976254168745025,-0.11272486082810775,-0.006635696582296667,0.014,0.986
PS1_tighter_structural,age,46-50 yr,Basket,-0.05587095373776269,-0.11015013428778592,-0.005352444930794661,0.014,0.986
PS1_tighter_structural,age,46-50 yr,Cart,0.01329608735539594,-0.005122728924569983,0.0360598626440507,0.92840625,0.07159375
PS1_tighter_structural,age,46-50 yr,Trolley,0.102337408069817,0.010187605965822653,0.2000206229875511,0.986,0.014
PS1_tighter_structural,age,51-55 yr,NoEquip,-0.0603864751190296,-0.11456589509398835,-0.005833370466956297,0.01575,0.98425
PS1_tighter_structural,age,51-55 yr,Basket,-0.05697336719387228,-0.11380642911721847,-0.004332584013903909,0.01575,0.98425
PS1_tighter_structural,age,51-55 yr,Cart,0.012966180025808707,-0.006801831256890654,0.035885175469971,0.91603125,0.08396875
PS1_tighter_structural,age,51-55 yr,Trolley,0.10439366228709318,0.008315418404522244,0.2077536227759796,0.98425,0.01575
PS1_tighter_structural,age,56-60 yr,NoEquip,-0.05189508297386506,-0.11413751552443145,0.016471138193320356,0.06290625,0.93709375
PS1_tighter_structural,age,56-60 yr,Basket,-0.04861431507349088,-0.11645667654992953,0.011562309480986254,0.06290625,0.93709375
PS1_tighter_structural,age,56-60 yr,Cart,0.011305680726433792,-0.010444216473514983,0.03450947445830678,0.87859375,0.12140625
PS1_tighter_structural,age,56-60 yr,Trolley,0.08920371732092214,-0.02260863290621975,0.21271344763906522,0.93709375,0.06290625
PS1_tighter_structural,age,61-65 yr,NoEquip,-0.07272035000290178,-0.13595173035720137,0.0011715055039150475,0.02646875,0.97353125
PS1_tighter_structural,age,61-65 yr,Basket,-0.07544344668948152,-0.1550958776368505,0.0008536321343015874,0.02646875,0.97353125
PS1_tighter_structural,age,61-65 yr,Cart,0.009042176267004624,-0.02625219788712379,0.03585702668018675,0.7898125,0.2101875
PS1_tighter_structural,age,61-65 yr,Trolley,0.13912162042537868,-0.001683715790880974,0.29089461631750474,0.97353125,0.02646875
PS1_tighter_structural,age,71-75 yr,NoEquip,0.007217133051439795,-0.09677291449378768,0.1537053479499103,0.49728125,0.50271875
PS1_tighter_structural,age,71-75 yr,Basket,-0.007507512584494717,-0.09974293283700515,0.05382143852199711,0.49525,0.50475
PS1_tighter_structural,age,71-75 yr,Cart,-0.007019225065638855,-0.06761070378344279,0.026517555424669884,0.478,0.522
PS1_tighter_structural,age,71-75 yr,Trolley,0.007309604598693776,-0.13194326370410603,0.18145980965916572,0.50271875,0.49728125
PS2_wider_structural,factor,brand,NoEquip,0.027620389072222647,-0.0018446493360415085,0.05965281299629067,0.96740625,0.03259375
PS2_wider_structural,factor,brand,Basket,0.010590188880101208,-0.001583188823134575,0.027320971006800875,0.953625,0.046375
PS2_wider_structural,factor,brand,Cart,-0.012435480348957367,-0.028004050330591248,0.0008029576294200564,0.032625,0.967375
PS2_wider_structural,factor,brand,Trolley,-0.02577509760336649,-0.05455406338107388,0.0018180821570868144,0.03259375,0.96740625
PS2_wider_structural,factor,hedonic,NoEquip,-0.021729986541431566,-0.04767462743447767,0.003888203325095613,0.04621875,0.95378125
PS2_wider_structural,factor,hedonic,Basket,-0.012098643664275033,-0.030981948184094638,0.0017262594033328107,0.0478125,0.9521875
PS2_wider_structural,factor,hedonic,Cart,0.00911992883275649,-0.0016612737831074391,0.021634705352284924,0.952375,0.047625
PS2_wider_structural,factor,hedonic,Trolley,0.024708701372950108,-0.004016726551156721,0.05649499503358623,0.95378125,0.04621875
PS2_wider_structural,factor,confused,NoEquip,-0.026440424364537675,-0.04926641285782189,-0.004771868710748002,0.00890625,0.99109375
PS2_wider_structural,factor,confused,Basket,-0.015170514028161858,-0.034477382234383847,-0.0013455521168248652,0.0110625,0.9889375
PS2_wider_structural,factor,confused,Cart,0.010970056718585952,0.0015689959381563771,0.02255016384708272,0.98915625,0.01084375
PS2_wider_structural,factor,confused,Trolley,0.030640881674113586,0.004864422845247768,0.06104503805196244,0.99109375,0.00890625
PS2_wider_structural,factor,perf,NoEquip,-0.004331667699850841,-0.028810399951587674,0.021260665028132324,0.3599375,0.6400625
PS2_wider_structural,factor,perf,Basket,-0.002672678936091127,-0.017576039080482983,0.009268260958475483,0.359,0.641
PS2_wider_structural,factor,perf,Cart,0.0017848015083037337,-0.009700706558623418,0.01287644475359099,0.63946875,0.36053125
PS2_wider_structural,factor,perf,Trolley,0.005219545127638235,-0.020282151749174103,0.0330366661522449,0.6400625,0.3599375
PS2_wider_structural,factor,careless,NoEquip,0.04607293088196323,0.018138742348398004,0.07845785253697557,0.9998125,0.0001875
PS2_wider_structural,factor,careless,Basket,0.015521798175969867,-0.0003116404547700416,0.03378263815699637,0.973125,0.026875
PS2_wider_structural,factor,careless,Cart,-0.0208788812503466,-0.03662872442973878,-0.007061275834072632,0.00028125,0.99971875
PS2_wider_structural,factor,careless,Trolley,-0.0407158478075865,-0.0667964164723053,-0.017386178193929635,0.0001875,0.9998125
PS2_wider_structural,factor,habit,NoEquip,-0.018206789525661782,-0.03827714311806245,0.0008934080642246335,0.03078125,0.96921875
PS2_wider_structural,factor,habit,Basket,-0.009783992851428459,-0.023640388293316248,0.0004593825209938378,0.03328125,0.96671875
PS2_wider_structural,factor,habit,Cart,0.0077221547381451285,-0.0004281073867591634,0.01753361719031465,0.9680625,0.0319375
PS2_wider_structural,factor,habit,Trolley,0.020268627638945113,-0.000926913352271394,0.0434398652904256,0.96921875,0.03078125
PS2_wider_structural,factor,novelty,NoEquip,0.0010007315679265024,-0.020509485123740904,0.024223086608160246,0.525,0.475
PS2_wider_structural,factor,novelty,Basket,1.0909588681151699e-05,-0.0119024831641656,0.010772732492342273,0.5215625,0.4784375
PS2_wider_structural,factor,novelty,Cart,-0.0005118908114847787,-0.011095400272359671,0.009105937646479125,0.4745,0.5255
PS2_wider_structural,factor,novelty,Trolley,-0.0004997503451228756,-0.022980706327073858,0.023016076015791587,0.475,0.525
PS2_wider_structural,factor,value,NoEquip,-0.017285113196049733,-0.04399156035340659,0.010044491288044428,0.10025,0.89975
PS2_wider_structural,factor,value,Basket,-0.009646200856758238,-0.028897129171349224,0.004374950576155296,0.10221875,0.89778125
PS2_wider_structural,factor,value,Cart,0.0072445292234771365,-0.004429496922224924,0.019700737956335625,0.89853125,0.10146875
PS2_wider_structural,factor,value,Trolley,0.01968678482933084,-0.01014254988200701,0.05289594051550005,0.89975,0.10025
PS2_wider_structural,gender,female,NoEquip,-0.016418200091572303,-0.05875748290836358,0.024371364292518072,0.2139375,0.7860625
PS2_wider_structural,gender,female,Basket,-0.008473485695978411,-0.032752236238317634,0.013018150183561847,0.21525,0.78475
PS2_wider_structural,gender,female,Cart,0.007054927447101516,-0.010650931097453636,0.026511596820980334,0.7854375,0.2145625
PS2_wider_structural,gender,female,Trolley,0.017836758340449198,-0.0264379572574233,0.06317204551317873,0.7860625,0.2139375
PS2_wider_structural,handledag,Friday,NoEquip,0.07629649881441733,-0.001154285245087687,0.15886269971056305,0.9731875,0.0268125
PS2_wider_structural,handledag,Friday,Basket,0.020192252821600455,-0.005354123526717831,0.05690655418788474,0.93328125,0.06671875
PS2_wider_structural,handledag,Friday,Cart,-0.03460511667728555,-0.07265514714202559,0.0005102388991780338,0.0268125,0.9731875
PS2_wider_structural,handledag,Friday,Trolley,-0.06188363495873223,-0.1276106528022571,0.0009707253603693321,0.0268125,0.9731875
PS2_wider_structural,handledag,Monday,NoEquip,0.05804525540062151,-0.009661905008307678,0.12950298834850532,0.9528125,0.0471875
PS2_wider_structural,handledag,Monday,Basket,0.018280553980474547,-0.004591739532272439,0.05250024659333368,0.931625,0.068375
PS2_wider_structural,handledag,Monday,Cart,-0.026339240947186555,-0.05940300160214496,0.004386909899366256,0.04725,0.95275
PS2_wider_structural,handledag,Monday,Trolley,-0.0499865684339095,-0.11222995782839448,0.008394533598186593,0.0471875,0.9528125
PS2_wider_structural,handledag,Thursday,NoEquip,0.10325965071618225,0.02708091395200209,0.18440665326524383,0.9964375,0.0035625
PS2_wider_structural,handledag,Thursday,Basket,0.02226911228875454,-0.008222495986426737,0.06122534078111809,0.92159375,0.07840625
PS2_wider_structural,handledag,Thursday,Cart,-0.046692256201822685,-0.08330479844933111,-0.012199616731500001,0.003625,0.996375
PS2_wider_structural,handledag,Thursday,Trolley,-0.0788365068031141,-0.1427271640398457,-0.02093406338297472,0.0035625,0.9964375
PS2_wider_structural,handledag,Tuesday,NoEquip,0.049100689099140366,-0.01680604477329588,0.11612425401911632,0.931125,0.068875
PS2_wider_structural,handledag,Tuesday,Basket,0.016919759313206485,-0.005465579434354749,0.050186721147489254,0.91975,0.08025
PS2_wider_structural,handledag,Tuesday,Cart,-0.022271698860773226,-0.05339601487655015,0.007445046339209775,0.0689375,0.9310625
PS2_wider_structural,handledag,Tuesday,Trolley,-0.043748749551573624,-0.10567927794900892,0.014558860351468916,0.068875,0.931125
PS2_wider_structural,handledag,Wednesday,NoEquip,0.12089502308135625,0.04712147697983855,0.19953415713165112,0.9995625,0.0004375
PS2_wider_structural,handledag,Wednesday,Basket,0.02214512358211356,-0.01341103632243071,0.06355308063885316,0.89184375,0.10815625
PS2_wider_structural,handledag,Wednesday,Cart,-0.054419442368650255,-0.08941698209212505,-0.02102311936978787,0.0004375,0.9995625
PS2_wider_structural,handledag,Wednesday,Trolley,-0.08862070429481955,-0.15123764408222043,-0.033673554580223426,0.0004375,0.9995625
PS2_wider_structural,age,21-25 yr,NoEquip,-0.010718479027505211,-0.07847497090654276,0.05154124476906225,0.382625,0.617375
PS2_wider_structural,age,21-25 yr,Basket,-0.003942562775257648,-0.03605723944966073,0.031222122043666672,0.3829375,0.6170625
PS2_wider_structural,age,21-25 yr,Cart,0.004951532596404266,-0.02216960335164954,0.035740271912137404,0.6174375,0.3825625
PS2_wider_structural,age,21-25 yr,Trolley,0.009709509206358593,-0.06055204576484539,0.07636467186441474,0.617375,0.382625
PS2_wider_structural,age,26-30 yr,NoEquip,-0.04259865529757945,-0.11183960216562086,0.022591267040085006,0.10359375,0.89640625
PS2_wider_structural,age,26-30 yr,Basket,-0.025441329197724193,-0.06894743667874124,0.014002466525713275,0.1036875,0.8963125
PS2_wider_structural,age,26-30 yr,Cart,0.017439751577009076,-0.008969442079090837,0.04927195235544793,0.89596875,0.10403125
PS2_wider_structural,age,26-30 yr,Trolley,0.05060023291829458,-0.027861920267382528,0.12976635199327974,0.89640625,0.10359375
PS2_wider_structural,age,31-35 yr,NoEquip,-0.08950599870458847,-0.15949156848690418,-0.026432678570329316,0.00234375,0.99765625
PS2_wider_structural,age,31-35 yr,Basket,-0.07073679831025256,-0.12375610436400515,-0.02133061130008071,0.00234375,0.99765625
PS2_wider_structural,age,31-35 yr,Cart,0.028748144178718165,0.0017476109525838767,0.06356631314374492,0.98321875,0.01678125
PS2_wider_structural,age,31-35 yr,Trolley,0.13149465283612286,0.04037669626447639,0.22479452759051333,0.99765625,0.00234375
PS2_wider_structural,age,36-40 yr,NoEquip,-0.09786047167495238,-0.1762764517462389,-0.021557862173226767,0.00653125,0.99346875
PS2_wider_structural,age,36-40 yr,Basket,-0.08304688951183833,-0.15554164467731516,-0.015273417566954956,0.00653125,0.99346875
PS2_wider_structural,age,36-40 yr,Cart,0.02709428569485829,-0.005271254624198398,0.06417109350418528,0.95171875,0.04828125
PS2_wider_structural,age,36-40 yr,Trolley,0.1538130754919324,0.03038427779368117,0.2848608894084964,0.99346875,0.00653125
PS2_wider_structural,age,41-45 yr,NoEquip,-0.13216035013249713,-0.2044371043442988,-0.06884136984458342,9.375e-05,0.99990625
PS2_wider_structural,age,41-45 yr,Basket,-0.1327441567783622,-0.19497014807727245,-0.06970150466541838,9.375e-05,0.99990625
PS2_wider_structural,age,41-45 yr,Cart,0.019249061321893746,-0.02775117507543144,0.06405067192609985,0.803625,0.196375
PS2_wider_structural,age,41-45 yr,Trolley,0.24565544558896563,0.12947747276091776,0.36367742610846715,0.99990625,9.375e-05
PS2_wider_structural,age,46-50 yr,NoEquip,-0.11136954980669354,-0.18491092999756306,-0.04423791941243696,0.00046875,0.99953125
PS2_wider_structural,age,46-50 yr,Basket,-0.10012395285629239,-0.1633300207578046,-0.037956665860652786,0.00046875,0.99953125
PS2_wider_structural,age,46-50 yr,Cart,0.02696776033258684,-0.009562752406257025,0.06576981750679893,0.93434375,0.06565625
PS2_wider_structural,age,46-50 yr,Trolley,0.1845257423303991,0.07173504985494102,0.30058451103040607,0.99953125,0.00046875
PS2_wider_structural,age,51-55 yr,NoEquip,-0.11464112010982899,-0.18801526713555594,-0.04685088445805758,0.0005625,0.9994375
PS2_wider_structural,age,51-55 yr,Basket,-0.10544866673432592,-0.17300531079017537,-0.038880232425946716,0.0005625,0.9994375
PS2_wider_structural,age,51-55 yr,Cart,0.025625311744130755,-0.01446973431714671,0.06546628992681895,0.91125,0.08875
PS2_wider_structural,age,51-55 yr,Trolley,0.19446447510002413,0.07410921283293626,0.31811791935483613,0.9994375,0.0005625
PS2_wider_structural,age,56-60 yr,NoEquip,-0.10922960441196565,-0.190073417093885,-0.028619943138579636,0.005375,0.994625
PS2_wider_structural,age,56-60 yr,Basket,-0.09940937261094698,-0.18208551307810802,-0.020412389562458888,0.005375,0.994625
PS2_wider_structural,age,56-60 yr,Cart,0.024652183186290415,-0.016493814649673373,0.06442656152083161,0.90728125,0.09271875
PS2_wider_structural,age,56-60 yr,Trolley,0.18398679383662225,0.04033474828669196,0.3382635796403226,0.994625,0.005375
PS2_wider_structural,age,61-65 yr,NoEquip,-0.14207071108706418,-0.22355115411939638,-0.06093742838013204,0.00121875,0.99878125
PS2_wider_structural,age,61-65 yr,Basket,-0.15456645445321673,-0.24657408340649975,-0.05219598972243901,0.00121875,0.99878125
PS2_wider_structural,age,61-65 yr,Cart,0.004570830462737101,-0.07300415122382378,0.05987814949673131,0.61121875,0.38878125
PS2_wider_structural,age,61-65 yr,Trolley,0.29206633507754376,0.09802947688878533,0.48543808598156213,0.99878125,0.00121875
PS2_wider_structural,age,71-75 yr,NoEquip,-0.02372971442381835,-0.18600084159637187,0.25225560816886283,0.33834375,0.66165625
PS2_wider_structural,age,71-75 yr,Basket,-0.046242114896835315,-0.20433794272557398,0.043739172130847444,0.29871875,0.70128125
PS2_wider_structural,age,71-75 yr,Cart,-0.0024230142748059022,-0.10802096594628709,0.055096003668587204,0.5954375,0.4045625
PS2_wider_structural,age,71-75 yr,Trolley,0.07239484359545957,-0.15038846843027007,0.3911525702857468,0.66165625,0.33834375
PS3_measurement_variance_sensitive,factor,brand,NoEquip,0.02600345396334986,-0.0018357692576045919,0.0567516912503606,0.96625,0.03375
PS3_measurement_variance_sensitive,factor,brand,Basket,0.012037356362922776,-0.001040365231889334,0.029062660371880662,0.96325,0.03675
PS3_measurement_variance_sensitive,factor,brand,Cart,-0.011329428061794058,-0.02637373558771265,0.0007254361316209024,0.033875,0.966125
PS3_measurement_variance_sensitive,factor,brand,Trolley,-0.026711382264478584,-0.05676924539076981,0.0020056687232967297,0.03375,0.96625
PS3_measurement_variance_sensitive,factor,hedonic,NoEquip,-0.019103878368935037,-0.04313770372752598,0.0053433984315507145,0.05884375,0.94115625
PS3_measurement_variance_sensitive,factor,hedonic,Basket,-0.01232438515565052,-0.03126278748763209,0.002659884122490314,0.059,0.941
PS3_measurement_variance_sensitive,factor,hedonic,Cart,0.007454337071549914,-0.002269171628515251,0.018785531187877864,0.93859375,0.06140625
PS3_measurement_variance_sensitive,factor,hedonic,Trolley,0.023973926453035647,-0.005978085161517344,0.056753941332813036,0.94115625,0.05884375
PS3_measurement_variance_sensitive,factor,confused,NoEquip,-0.025336945903317067,-0.04660561198581994,-0.004821427417325747,0.00771875,0.99228125
PS3_measurement_variance_sensitive,factor,confused,Basket,-0.01667814496098125,-0.0353615454861506,-0.0021376919317478956,0.0080625,0.9919375
PS3_measurement_variance_sensitive,factor,confused,Cart,0.009749965864052334,0.0010953909963636378,0.020629773056601398,0.98834375,0.01165625
PS3_measurement_variance_sensitive,factor,confused,Trolley,0.03226512500024598,0.005458091158109119,0.06287674610186561,0.99228125,0.00771875
PS3_measurement_variance_sensitive,factor,perf,NoEquip,-0.004691085660184385,-0.028018597461300285,0.019896096740751122,0.34053125,0.65946875
PS3_measurement_variance_sensitive,factor,perf,Basket,-0.003226915457499962,-0.019254318414774207,0.010061877774531408,0.34053125,0.65946875
PS3_measurement_variance_sensitive,factor,perf,Cart,0.0018083129685375315,-0.008840835189917082,0.012122632203981548,0.6580625,0.3419375
PS3_measurement_variance_sensitive,factor,perf,Trolley,0.006109688149146816,-0.021067335074343635,0.03556733591475292,0.65946875,0.34053125
PS3_measurement_variance_sensitive,factor,careless,NoEquip,0.044095863054848396,0.017546755907903246,0.07419553610517225,0.9999375,6.25e-05
PS3_measurement_variance_sensitive,factor,careless,Basket,0.018297127792773173,0.0037074433527157073,0.03576463036918535,0.99259375,0.00740625
PS3_measurement_variance_sensitive,factor,careless,Cart,-0.019479207524684485,-0.0347456398782046,-0.006288310807786821,0.0001875,0.9998125
PS3_measurement_variance_sensitive,factor,careless,Trolley,-0.04291378332293709,-0.06891358746114797,-0.018618386451734897,6.25e-05,0.9999375
PS3_measurement_variance_sensitive,factor,habit,NoEquip,-0.016857382968502286,-0.03577257631366444,0.001712719518497028,0.0370625,0.9629375
PS3_measurement_variance_sensitive,factor,habit,Basket,-0.010497270183038414,-0.02497957227128838,0.0009020086492359504,0.0374375,0.9625625
PS3_measurement_variance_sensitive,factor,habit,Cart,0.006687238100686917,-0.0007196854068243537,0.015763370315544832,0.9605,0.0395
PS3_measurement_variance_sensitive,factor,habit,Trolley,0.02066741505085378,-0.0019996532492818435,0.04522260157229423,0.9629375,0.0370625
PS3_measurement_variance_sensitive,factor,novelty,NoEquip,0.0010297518786904739,-0.01925252704892576,0.022671790712254426,0.53153125,0.46846875
PS3_measurement_variance_sensitive,factor,novelty,Basket,0.00016345246920884904,-0.012506363258726862,0.01160337702456128,0.53109375,0.46890625
PS3_measurement_variance_sensitive,factor,novelty,Cart,-0.0005304837329253843,-0.010147054989418064,0.008124940358622951,0.468125,0.531875
PS3_measurement_variance_sensitive,factor,novelty,Trolley,-0.0006627206149739383,-0.023532875584036123,0.023625162856500615,0.46846875,0.53153125
PS3_measurement_variance_sensitive,factor,value,NoEquip,-0.015664862404745922,-0.04129458173703269,0.010412285002633423,0.1130625,0.8869375
PS3_measurement_variance_sensitive,factor,value,Basket,-0.010039887892302118,-0.029345235818548514,0.005198995408925265,0.11328125,0.88671875
PS3_measurement_variance_sensitive,factor,value,Cart,0.006120279238287543,-0.004429960876654804,0.01787224719429695,0.88428125,0.11571875
PS3_measurement_variance_sensitive,factor,value,Trolley,0.019584471058760496,-0.011205268243659857,0.05325516288654106,0.8869375,0.1130625
PS3_measurement_variance_sensitive,gender,female,NoEquip,-0.01602831478564044,-0.05623515542949485,0.02247474721754991,0.2075625,0.7924375
PS3_measurement_variance_sensitive,gender,female,Basket,-0.00958504075834238,-0.03488303732105498,0.013966493779568474,0.20765625,0.79234375
PS3_measurement_variance_sensitive,gender,female,Cart,0.006494209962031832,-0.009033353216930814,0.024473321188115238,0.7918125,0.2081875
PS3_measurement_variance_sensitive,gender,female,Trolley,0.019119145581950988,-0.027448118848657502,0.06612132429231506,0.7924375,0.2075625
PS3_measurement_variance_sensitive,handledag,Friday,NoEquip,0.0646589507377338,-0.00570433332457411,0.14045124447994048,0.9633125,0.0366875
PS3_measurement_variance_sensitive,handledag,Friday,Basket,0.023156726884554796,-0.003176169272678683,0.05801709916360502,0.9548125,0.0451875
PS3_measurement_variance_sensitive,handledag,Friday,Cart,-0.028796333808341637,-0.06387619339960537,0.0024186248684243206,0.03671875,0.96328125
PS3_measurement_variance_sensitive,handledag,Friday,Trolley,-0.05901934381394697,-0.12593404110298967,0.005678700782386625,0.0366875,0.9633125
PS3_measurement_variance_sensitive,handledag,Monday,NoEquip,0.049359471548385166,-0.013924699791401362,0.11585047904140992,0.93721875,0.06278125
PS3_measurement_variance_sensitive,handledag,Monday,Basket,0.020027544566320016,-0.005836188242137992,0.053696755545372746,0.93415625,0.06584375
PS3_measurement_variance_sensitive,handledag,Monday,Cart,-0.02184884882245564,-0.05244680083994271,0.006008205418445439,0.06284375,0.93715625
PS3_measurement_variance_sensitive,handledag,Monday,Trolley,-0.04753816729224955,-0.11163988497202203,0.013904236332397485,0.06278125,0.93721875
PS3_measurement_variance_sensitive,handledag,Thursday,NoEquip,0.09144082852763764,0.019956760386780487,0.1678322811452618,0.99378125,0.00621875
PS3_measurement_variance_sensitive,handledag,Thursday,Basket,0.02776948471437074,9.114961848236298e-05,0.06461108354687951,0.97528125,0.02471875
PS3_measurement_variance_sensitive,handledag,Thursday,Cart,-0.04094683062455417,-0.07584013399579992,-0.008507932461231497,0.00625,0.99375
PS3_measurement_variance_sensitive,handledag,Thursday,Trolley,-0.07826348261745424,-0.14205394463376336,-0.017597126369965948,0.00621875,0.99378125
PS3_measurement_variance_sensitive,handledag,Tuesday,NoEquip,0.04253018306892693,-0.018494188251201093,0.1047239805870674,0.91715625,0.08284375
PS3_measurement_variance_sensitive,handledag,Tuesday,Basket,0.01833925496631707,-0.007923860227786267,0.05150704177745979,0.91546875,0.08453125
PS3_measurement_variance_sensitive,handledag,Tuesday,Cart,-0.018727088862910933,-0.047489848473724894,0.008221149537781016,0.082875,0.917125
PS3_measurement_variance_sensitive,handledag,Tuesday,Trolley,-0.04214234917233307,-0.104840207762523,0.01846949987545199,0.08284375,0.91715625
PS3_measurement_variance_sensitive,handledag,Wednesday,NoEquip,0.10750644301002839,0.039023510082319045,0.18137544425026797,0.999125,0.000875
PS3_measurement_variance_sensitive,handledag,Wednesday,Basket,0.02913110746013168,-0.0013018627428223405,0.06722307073736503,0.96978125,0.03021875
PS3_measurement_variance_sensitive,handledag,Wednesday,Cart,-0.04814013425185963,-0.0818846210503028,-0.016922897546817344,0.000875,0.999125
PS3_measurement_variance_sensitive,handledag,Wednesday,Trolley,-0.08849741621830046,-0.15048649580498485,-0.032219628331102486,0.000875,0.999125
PS3_measurement_variance_sensitive,age,21-25 yr,NoEquip,0.007753870800161973,-0.052556788955464395,0.06568313472695878,0.61121875,0.38878125
PS3_measurement_variance_sensitive,age,21-25 yr,Basket,0.005147349180622712,-0.025428890286386896,0.04028481993786811,0.61125,0.38875
PS3_measurement_variance_sensitive,age,21-25 yr,Cart,-0.0030871224169969247,-0.027942471831039446,0.023319657521695663,0.3888125,0.6111875
PS3_measurement_variance_sensitive,age,21-25 yr,Trolley,-0.00981409756378776,-0.07722722043131333,0.05396440678696779,0.38878125,0.61121875
PS3_measurement_variance_sensitive,age,26-30 yr,NoEquip,-0.023406248856800146,-0.08589831744732408,0.038118414286868726,0.22775,0.77225
PS3_measurement_variance_sensitive,age,26-30 yr,Basket,-0.014736661761729166,-0.0557539874953248,0.024442311882038596,0.22778125,0.77221875
PS3_measurement_variance_sensitive,age,26-30 yr,Cart,0.00928569888652531,-0.015403452832918569,0.03651487099069304,0.771625,0.228375
PS3_measurement_variance_sensitive,age,26-30 yr,Trolley,0.028857211732004007,-0.04753329301942936,0.10517714154535611,0.77225,0.22775
PS3_measurement_variance_sensitive,age,31-35 yr,NoEquip,-0.07056012598582126,-0.1324419854459496,-0.013868431789092512,0.00721875,0.99278125
PS3_measurement_variance_sensitive,age,31-35 yr,Basket,-0.05769356865911206,-0.10766679315127452,-0.01119051558127011,0.00721875,0.99278125
PS3_measurement_variance_sensitive,age,31-35 yr,Cart,0.021730316015023128,0.00023804948326346117,0.051255202813274385,0.9768125,0.0231875
PS3_measurement_variance_sensitive,age,31-35 yr,Trolley,0.10652337862991021,0.021054746397397406,0.19464871869681993,0.99278125,0.00721875
PS3_measurement_variance_sensitive,age,36-40 yr,NoEquip,-0.07769103589180529,-0.14847252766366448,-0.005909260647620244,0.0174375,0.9825625
PS3_measurement_variance_sensitive,age,36-40 yr,Basket,-0.06801864070967,-0.13761850785816648,-0.004216685851454508,0.0174375,0.9825625
PS3_measurement_variance_sensitive,age,36-40 yr,Cart,0.020442343623499785,-0.006410485317045927,0.05238747442283827,0.9366875,0.0633125
PS3_measurement_variance_sensitive,age,36-40 yr,Trolley,0.1252673329779755,0.008240893059067929,0.2509011331222263,0.9825625,0.0174375
PS3_measurement_variance_sensitive,age,41-45 yr,NoEquip,-0.11346867346635844,-0.17700543982571137,-0.05542219937051279,6.25e-05,0.9999375
PS3_measurement_variance_sensitive,age,41-45 yr,Basket,-0.11687023132148293,-0.17610419736338032,-0.05637163248718717,6.25e-05,0.9999375
PS3_measurement_variance_sensitive,age,41-45 yr,Cart,0.015182321773989746,-0.025571166370409563,0.05391306922566829,0.78734375,0.21265625
PS3_measurement_variance_sensitive,age,41-45 yr,Trolley,0.21515658301385163,0.10427856489265637,0.3271734114653157,0.9999375,6.25e-05
PS3_measurement_variance_sensitive,age,46-50 yr,NoEquip,-0.09219885707415497,-0.15762582754946258,-0.03137864429989538,0.00175,0.99825
PS3_measurement_variance_sensitive,age,46-50 yr,Basket,-0.08526835409344825,-0.14681925509750382,-0.026702546974224983,0.00175,0.99825
PS3_measurement_variance_sensitive,age,46-50 yr,Cart,0.021165450381823506,-0.008365146153903897,0.05408094503582515,0.92725,0.07275
PS3_measurement_variance_sensitive,age,46-50 yr,Trolley,0.15630176078577973,0.05015011280671501,0.2675676698833346,0.99825,0.00175
PS3_measurement_variance_sensitive,age,51-55 yr,NoEquip,-0.09453471421073485,-0.16073083444892927,-0.03178976884042335,0.00228125,0.99771875
PS3_measurement_variance_sensitive,age,51-55 yr,Basket,-0.08901724605112954,-0.15375228180521486,-0.026342990917266277,0.00228125,0.99771875
PS3_measurement_variance_sensitive,age,51-55 yr,Cart,0.020268851793153905,-0.012472718918431162,0.053821095657288084,0.9054375,0.0945625
PS3_measurement_variance_sensitive,age,51-55 yr,Trolley,0.16328310846871047,0.05013858276708889,0.2816282126332786,0.99771875,0.00228125
PS3_measurement_variance_sensitive,age,56-60 yr,NoEquip,-0.08789054454081913,-0.16189226263001613,-0.01108766476958122,0.01403125,0.98596875
PS3_measurement_variance_sensitive,age,56-60 yr,Basket,-0.0818368919775109,-0.16092244456463675,-0.008062292171359437,0.01403125,0.98596875
PS3_measurement_variance_sensitive,age,56-60 yr,Cart,0.019154945980555723,-0.014393064703703938,0.05262997992097993,0.8966875,0.1033125
PS3_measurement_variance_sensitive,age,56-60 yr,Trolley,0.1505724905377743,0.01547511629142493,0.296562475510747,0.98596875,0.01403125
PS3_measurement_variance_sensitive,age,61-65 yr,NoEquip,-0.11757332071594626,-0.19258706994014943,-0.039470865273644934,0.00353125,0.99646875
PS3_measurement_variance_sensitive,age,61-65 yr,Basket,-0.12785796549161665,-0.21959901716225239,-0.03179741604196914,0.00353125,0.99646875
PS3_measurement_variance_sensitive,age,61-65 yr,Cart,0.006502832960134912,-0.058097929069536994,0.0511124989670661,0.66021875,0.33978125
PS3_measurement_variance_sensitive,age,61-65 yr,Trolley,0.23892845324742798,0.061342529857556685,0.4237230091758321,0.99646875,0.00353125
PS3_measurement_variance_sensitive,age,71-75 yr,NoEquip,-0.0052640617565870365,-0.1496007157773527,0.22443861408358187,0.41221875,0.58778125
PS3_measurement_variance_sensitive,age,71-75 yr,Basket,-0.02776948211435114,-0.160910911899073,0.05038109430336739,0.38996875,0.61003125
PS3_measurement_variance_sensitive,age,71-75 yr,Cart,-0.006161989949720922,-0.09673830402341597,0.04329693148380228,0.5399375,0.4600625
PS3_measurement_variance_sensitive,age,71-75 yr,Trolley,0.0391955338206591,-0.14950423103946203,0.30015848950039725,0.58778125,0.41221875
